player_name,matches,innings,not_outs,runs,balls_faced,average,strike_rate,hundreds,fifties,fours,sixes
A Balbirnie,13,13,0,245,228,18.85,107.46,0,1,18,11
A Bohara,2,2,0,0,2,0.0,0.0,0,0,0,0
A Dutt,2,2,1,25,20,25.0,125.0,0,0,2,1
A Johnson,3,3,0,89,73,29.67,121.92,0,1,12,4
A Nao,2,2,-1,8,13,2.67,61.54,0,0,0,0
A Nehra,1,1,0,0,4,0.0,0.0,0,0,0,0
A Nortje,4,4,2,8,10,4.0,80.0,0,0,1,0
A Sharafu,1,1,0,4,4,4.0,100.0,0,0,0,0
A Vala,6,6,0,107,103,17.83,103.88,0,1,11,4
A Zampa,3,3,1,3,7,1.5,42.86,0,0,0,0
AB de Villiers,3,3,1,46,32,23.0,143.75,0,0,1,4
AC Agar,2,2,0,29,28,14.5,103.57,0,0,0,3
AC Evans,2,2,0,0,2,0.0,0.0,0,0,0,0
AD Hales,10,10,1,259,183,28.78,141.53,0,2,28,10
AD Mathews,5,5,2,155,136,51.67,113.97,0,1,5,9
AD Poynter,2,2,1,11,11,11.0,100.0,0,0,0,1
AD Russell,14,14,5,184,116,20.44,158.62,0,0,18,11
ADS Fletcher,2,2,1,95,75,95.0,126.67,0,1,6,6
AF Milne,1,1,1,2,2,,100.0,0,0,0,0
AGS Gous,6,6,1,219,145,43.8,151.03,0,2,20,11
AJ Finch,12,12,1,300,263,27.27,114.07,0,1,23,13
AJ Hosein,6,6,3,52,61,17.33,85.25,0,0,3,1
AK Markram,17,17,2,361,291,24.07,124.05,0,3,32,12
AK Sah,3,3,0,38,38,12.67,100.0,0,0,5,1
AM Phangiso,1,1,0,4,5,4.0,80.0,0,0,0,0
AM Rahane,1,1,0,40,35,40.0,114.29,0,0,2,0
AR McBrine,2,2,2,11,4,,275.0,0,0,2,0
AR Patel,7,7,2,89,69,17.8,128.99,0,0,4,6
AR Ramjani,3,3,0,13,22,4.33,59.09,0,0,2,0
AS Joseph,3,3,1,17,14,8.5,121.43,0,0,1,1
AT Nidamanuru,1,1,0,0,1,0.0,0.0,0,0,0,0
AU Rashid,3,3,2,8,8,8.0,100.0,0,0,0,0
AV Lalcheta,2,2,1,7,8,7.0,87.5,0,0,1,0
Aamir Kaleem,2,2,0,0,5,0.0,0.0,0,0,0,0
Aaron Jones,6,7,2,173,126,34.6,137.3,0,1,9,14
Aasif Sheikh,3,3,0,63,71,21.0,88.73,0,0,9,1
Aayan Afzal Khan,2,2,0,24,28,12.0,85.71,0,0,1,0
Abbas Afridi,1,1,0,17,21,17.0,80.95,0,0,1,1
Adnan Ilyas,2,2,0,17,20,8.5,85.0,0,0,2,0
Afif Hossain,13,13,2,149,126,13.55,118.25,0,0,13,3
Ahmed Shehzad,4,4,0,108,105,27.0,102.86,0,1,14,0
Aizaz Khan,1,1,1,7,4,,175.0,0,0,1,0
Al-Amin Hossain,1,1,0,0,2,0.0,0.0,0,0,0,0
Ali Khan,2,2,1,14,8,14.0,175.0,0,0,1,1
Amir Ali,2,2,0,36,20,18.0,180.0,0,0,6,1
Anshuman Rath,1,1,0,21,23,21.0,91.3,0,0,0,0
Aqib Ilyas,7,8,2,142,121,23.67,117.36,0,1,14,6
Arafat Sunny,1,1,1,8,4,,200.0,0,0,0,1
Arshdeep Singh,3,3,2,12,15,12.0,80.0,0,0,1,0
Aryan Lakra,1,1,0,1,3,1.0,33.33,0,0,0,0
Asif Ali,4,4,2,34,20,17.0,170.0,0,0,1,3
Ayan Khan,5,5,1,102,108,25.5,94.44,0,0,6,3
Azam Khan,1,1,0,0,1,0.0,0.0,0,0,0,0
B Evans,2,2,0,21,17,10.5,123.53,0,0,0,1
B Kumar,2,2,2,9,10,,90.0,0,0,0,0
B Masaba,3,3,2,4,25,4.0,16.0,0,0,0,0
B Muzarabani,4,4,3,2,12,2.0,16.67,0,0,0,0
B Shikongo,1,1,0,0,4,0.0,0.0,0,0,0,0
B White,2,2,2,7,24,,29.17,0,0,0,0
BA King,6,6,1,158,125,31.6,126.4,0,1,21,3
BA Stokes,8,8,3,157,125,31.4,125.6,0,1,11,4
BD Glover,2,2,0,0,3,0.0,0.0,0,0,0,0
BFW de Leede,14,14,3,120,164,10.91,73.17,0,0,9,1
BJ McCarthy,8,8,4,40,49,10.0,81.63,0,0,1,2
BJ McMullen,3,3,1,140,82,70.0,170.73,0,2,13,8
BKG Mendis,10,10,1,273,196,30.33,139.29,0,2,23,9
BM Scholtz,4,4,2,7,9,3.5,77.78,0,0,0,0
BN Cooper,3,3,0,29,24,9.67,120.83,0,0,5,0
BTJ Wheal,2,2,2,3,5,,60.0,0,0,0,0
Babar Azam,16,16,2,498,446,35.57,111.66,0,4,45,8
Babar Hayat,1,1,0,15,10,15.0,150.0,0,0,3,0
Basil Hameed,3,3,1,31,24,15.5,129.17,0,0,3,2
Bilal Khan,6,6,5,4,7,4.0,57.14,0,0,0,0
C Campher,12,12,2,184,146,18.4,126.03,0,1,17,3
C Karunaratne,11,11,4,51,57,7.29,89.47,0,0,4,0
C Kyewuta,2,2,0,2,12,1.0,16.67,0,0,0,0
C Munro,5,5,0,118,103,23.6,114.56,0,0,11,4
CA Soper,5,5,0,42,49,8.4,85.71,0,0,2,2
CA Young,2,2,1,2,7,2.0,28.57,0,0,0,0
CAK Rajitha,1,1,1,8,21,,38.1,0,0,0,0
CBRLS Kumara,3,3,1,5,8,2.5,62.5,0,0,1,0
CD Wallace,1,1,0,4,13,4.0,30.77,0,0,0,0
CG Williams,7,7,0,118,137,16.86,86.13,0,0,9,4
CH Gayle,9,9,1,158,107,19.75,147.66,1,1,11,14
CH Morris,1,1,1,16,17,,94.12,0,0,2,0
CJ Anderson,10,10,1,152,160,16.89,95.0,0,0,9,4
CJ Jordan,5,5,2,19,25,6.33,76.0,0,0,2,0
CJA Amini,6,6,0,73,84,12.17,86.9,0,0,6,1
CK Kapugedera,3,3,0,40,44,13.33,90.91,0,0,3,1
CN Ackermann,11,11,1,222,206,22.2,107.77,0,1,16,6
CN Greaves,10,10,5,117,123,23.4,95.12,0,0,8,2
CP Rizwan,3,3,1,45,34,22.5,132.35,0,0,3,1
CR Brathwaite,2,2,2,44,20,,220.0,0,0,1,5
CR Ervine,7,7,0,112,125,16.0,89.6,0,1,13,0
CR Woakes,2,2,1,12,6,12.0,200.0,0,0,1,1
CS MacLeod,8,8,0,91,113,11.38,80.53,0,0,6,0
Chirag Suri,2,2,0,26,39,13.0,66.67,0,0,4,0
D Heyliger,3,3,2,10,14,10.0,71.43,0,0,1,0
D Pretorius,2,2,0,1,3,0.5,33.33,0,0,0,0
D Ramdin,3,3,1,18,28,9.0,64.29,0,0,1,0
D Ravu,2,2,0,6,9,3.0,66.67,0,0,1,0
D Wiese,15,16,6,359,260,35.9,138.08,0,2,20,19
D la Cock,2,2,0,9,11,4.5,81.82,0,0,1,0
DA Miller,16,16,7,320,281,35.56,113.88,0,2,18,15
DA Warner,20,20,2,521,375,28.94,138.93,0,5,53,20
DE Budge,1,1,0,0,2,0.0,0.0,0,0,0,0
DJ Bravo,8,8,1,61,65,8.71,93.85,0,0,4,2
DJ Hooda,1,1,0,0,3,0.0,0.0,0,0,0,0
DJ Malan,7,7,2,154,135,30.8,114.07,0,0,14,2
DJ Mitchell,12,12,4,331,246,41.38,134.55,0,2,21,11
DJ Willey,1,1,-1,21,14,10.5,150.0,0,0,1,2
DJG Sammy,2,2,0,2,3,1.0,66.67,0,0,0,0
DM Nakrani,3,3,0,4,18,1.33,22.22,0,0,0,0
DM de Silva,9,9,0,166,147,18.44,112.93,0,0,13,3
DP Conway,13,13,3,300,266,30.0,112.78,0,1,27,6
DS Airee,3,3,0,32,48,10.67,66.67,0,0,2,1
DS Bajwa,2,2,0,18,14,9.0,128.57,0,0,2,1
E Chigumbura,1,1,0,20,17,20.0,117.65,0,0,1,1
E Lewis,8,8,0,147,130,18.38,113.08,0,1,13,8
EJG Morgan,9,9,3,134,115,22.33,116.52,0,0,8,6
F Achelam,1,1,0,9,13,9.0,69.23,0,0,1,0
F Hand,3,3,0,12,11,4.0,109.09,0,0,2,0
F Nsubuga,1,1,0,0,3,0.0,0.0,0,0,0,0
F du Plessis,3,3,0,57,60,19.0,95.0,0,0,4,1
FH Allen,8,8,0,130,93,16.25,139.78,0,0,15,6
FJ Klaassen,5,5,2,11,17,3.67,64.71,0,0,0,0
Fakhar Zaman,9,9,1,132,113,16.5,116.81,0,1,7,7
Fayyaz Butt,3,3,0,9,15,3.0,60.0,0,0,1,0
G Motie,2,2,2,4,8,,50.0,0,0,1,0
GC Wilson,2,2,0,42,38,21.0,110.53,0,0,6,0
GD Elliott,5,5,2,50,46,16.67,108.7,0,0,4,0
GD Phillips,11,11,1,346,254,34.6,136.22,1,2,25,15
GH Dockrell,10,10,2,144,122,18.0,118.03,0,0,14,2
GJ Delany,11,11,1,184,145,18.4,126.9,0,0,15,8
GJ Maxwell,17,17,2,310,241,20.67,128.63,0,0,25,13
GSNFG Jayasuriya,1,1,0,1,3,1.0,33.33,0,0,0,0
Gulsan Jha,3,3,0,20,25,6.67,80.0,0,0,1,1
H Hiri,4,4,0,32,51,8.0,62.75,0,0,4,0
H Klaasen,11,11,2,239,190,26.56,125.79,0,1,14,14
H Masakadza,1,1,0,12,10,12.0,120.0,0,0,3,0
HC Brook,8,8,2,194,144,32.33,134.72,0,1,18,3
HDRL Thirimanne,3,3,0,8,13,2.67,61.54,0,0,1,0
HE van der Dussen,5,5,2,177,152,59.0,116.45,0,1,10,6
HG Munsey,16,16,2,399,333,28.5,119.82,0,2,46,14
HH Pandya,14,14,3,290,214,26.36,135.51,0,2,20,15
HM Amla,3,3,1,115,84,57.5,136.9,0,2,12,4
HM Nicholls,1,1,0,7,11,7.0,63.64,0,0,1,0
HMRKB Herath,3,3,0,6,10,2.0,60.0,0,0,0,0
HN Ya France,2,2,1,1,4,1.0,25.0,0,0,0,0
HR Walsh,1,1,0,0,1,0.0,0.0,0,0,0,0
HT Tector,11,11,0,90,114,8.18,78.95,0,0,5,1
Haider Ali,2,2,0,2,5,1.0,40.0,0,0,0,0
Haris Rauf,4,4,3,13,10,13.0,130.0,0,0,0,1
Harmeet Singh,5,5,1,69,50,17.25,138.0,0,0,4,5
Hasan Mahmud,2,2,1,0,5,0.0,0.0,0,0,0,0
IS Sodhi,3,3,2,9,9,9.0,100.0,0,0,0,0
Iftikhar Ahmed,8,9,1,141,119,17.62,118.49,0,2,11,6
Imad Wasim,4,4,0,30,42,7.5,71.43,0,0,3,0
Ishan Kishan,1,1,0,4,8,4.0,50.0,0,0,1,0
J Charles,12,12,0,261,243,21.75,107.41,0,1,26,9
J Kariko,1,1,1,0,2,,0.0,0,0,0,0
J Little,7,7,3,53,55,13.25,96.36,0,0,5,2
J Miyaji,3,3,1,26,37,13.0,70.27,0,0,0,0
JC Archer,2,2,1,22,17,22.0,129.41,0,0,1,2
JC Buttler,23,23,8,875,561,58.33,155.97,1,6,78,42
JDF Vandersay,2,2,1,3,8,3.0,37.5,0,0,0,0
JDS Neesham,11,11,5,149,97,24.83,153.61,0,0,5,9
JE Root,5,5,1,237,162,59.25,146.3,0,2,23,6
JH Davey,5,5,2,41,27,13.67,151.85,0,0,1,3
JJ Atkinson,1,1,0,13,19,13.0,68.42,0,0,2,0
JJ Bumrah,2,2,1,0,3,0.0,0.0,0,0,0,0
JJ Roy,10,10,0,301,205,30.1,146.83,0,2,32,12
JJ Smit,13,13,7,139,130,23.17,106.92,0,0,10,5
JM Bairstow,12,12,4,157,124,19.62,126.61,0,0,16,6
JN Frylinck,9,9,1,178,184,22.25,96.74,0,0,14,1
JN Loftie-Eaton,7,7,1,36,40,6.0,90.0,0,0,1,2
JO Holder,5,5,2,66,47,22.0,140.43,0,0,4,4
JP Duminy,1,1,1,54,28,,192.86,0,1,3,3
JP Faulkner,3,3,1,17,17,8.5,100.0,0,0,2,0
JP Kotze,1,1,0,0,3,0.0,0.0,0,0,0,0
JR Hazlewood,1,1,1,1,1,,100.0,0,0,0,0
JT Brassell,1,1,1,2,3,,66.67,0,0,0,0
JW Hastings,1,1,0,3,4,3.0,75.0,0,0,0,0
Jaker Ali,4,4,1,35,46,11.67,76.09,0,0,3,0
Jasdeep Singh,2,2,1,4,13,4.0,30.77,0,0,0,0
Jatinder Singh,5,5,1,162,122,40.5,132.79,0,1,16,5
Junaid Siddique,2,2,1,18,17,18.0,105.88,0,0,1,1
K Bhurtel,3,3,0,24,39,8.0,61.54,0,0,3,1
K Doriga,6,6,2,108,92,27.0,117.39,0,0,7,4
K Rabada,7,7,4,51,47,17.0,108.51,0,0,4,2
K Waiswa,3,3,1,19,44,9.5,43.18,0,0,2,0
KA Maharaj,7,7,4,26,38,8.67,68.42,0,0,1,1
KA Pollard,5,5,1,90,84,22.5,107.14,0,0,6,3
KD Karthik,3,3,0,14,22,4.67,63.64,0,0,1,0
KD Shah,1,1,1,7,5,,140.0,0,0,1,0
KH Prajapati,5,5,0,40,59,8.0,67.8,0,0,2,3
KIC Asalanka,15,15,3,414,303,34.5,136.63,0,2,33,17
KJ Coetzer,8,8,1,97,98,13.86,98.98,0,0,10,3
KJ O'Brien,5,5,0,53,51,10.6,103.92,0,0,6,0
KL Rahul,10,10,1,253,185,28.11,136.76,0,4,21,13
KMDN Kulasekara,1,1,0,7,8,7.0,87.5,0,0,0,0
KP Meiyappan,1,1,0,4,8,4.0,50.0,0,0,0,0
KR Mayers,4,4,0,69,64,17.25,107.81,0,0,8,3
KS Williamson,18,18,2,496,434,31.0,114.29,0,2,44,12
KV Morea,5,5,3,17,19,8.5,89.47,0,0,0,1
Kaleem Sana,1,1,1,13,14,,92.86,0,0,0,1
Kaleemullah,4,4,1,18,17,6.0,105.88,0,0,2,0
Karan KC,1,1,0,17,12,17.0,141.67,0,0,0,2
Kashif Daud,2,2,0,15,18,7.5,83.33,0,0,0,1
Khalid Kail,4,4,0,48,61,12.0,78.69,0,0,2,1
Khalid Latif,2,2,0,49,48,24.5,102.08,0,0,4,1
Khawar Ali,2,2,0,42,40,21.0,105.0,0,0,4,3
Kushal Malla,3,3,0,37,52,12.33,71.15,0,0,2,1
L Ngidi,1,1,1,4,1,,400.0,0,0,1,0
L Ronchi,5,5,2,50,33,16.67,151.52,0,0,3,2
L Siaka,5,5,0,27,45,5.4,60.0,0,0,2,0
L Tucker,10,10,2,226,193,28.25,117.1,0,1,21,4
LD Chandimal,5,5,0,49,59,9.8,83.05,0,0,4,2
LE Plunkett,1,1,0,4,4,4.0,100.0,0,0,0,0
LM Jongwe,4,4,1,55,41,18.33,134.15,0,0,6,1
LMP Simmons,4,4,1,101,94,33.67,107.45,0,1,7,5
LRPL Taylor,5,5,1,91,80,22.75,113.75,0,0,5,3
LS Livingstone,11,11,2,144,101,16.0,142.57,0,0,6,10
LV van Beek,10,10,4,57,65,9.5,87.69,0,0,3,0
Liton Das,19,19,0,345,330,18.16,104.55,0,1,28,8
M Ansari,2,2,2,3,4,,75.0,0,0,0,0
M Jansen,6,6,2,32,33,8.0,96.97,0,0,1,1
M Levitt,4,4,0,50,45,12.5,111.11,0,0,4,4
M Pathirana,2,2,1,0,5,0.0,0.0,0,0,0,0
M Shumba,7,7,1,65,82,10.83,79.27,0,0,5,0
M Theekshana,6,6,3,27,38,9.0,71.05,0,0,2,1
M van Lingen,10,10,0,137,140,13.7,97.86,0,0,14,4
MA Jones,7,7,1,199,143,33.17,139.16,0,1,18,9
MA Leask,12,12,2,212,145,21.2,146.21,0,0,16,11
MA Starc,3,3,1,21,20,10.5,105.0,0,0,1,1
MA Wood,1,1,1,1,1,,100.0,0,0,0,0
MB Kruger,2,2,1,3,9,3.0,33.33,0,0,0,0
MC Sorensen,1,1,0,9,7,9.0,128.57,0,0,0,0
MD Gunathilaka,1,1,0,0,1,0.0,0.0,0,0,0,0
MD Patel,2,2,0,66,54,33.0,122.22,0,1,9,1
MD Shanaka,17,17,4,221,201,17.0,109.95,0,0,18,9
MDKJ Perera,8,8,1,123,101,17.57,121.78,0,0,15,2
MG Erasmus,14,15,3,301,285,25.08,105.61,0,2,25,6
MH Cross,15,15,2,225,239,17.31,94.14,0,0,16,7
MJ Guptill,10,10,0,320,238,32.0,134.45,0,2,32,16
MJ McClenaghan,2,2,1,7,3,7.0,233.33,0,0,0,1
MJ Santner,11,11,5,86,64,14.33,134.38,0,0,4,5
MM Ali,16,16,4,227,171,18.92,132.75,0,1,15,11
MN Samuels,5,5,1,176,156,44.0,112.82,0,1,25,2
MN Waller,1,1,0,13,13,13.0,100.0,0,0,1,0
MP O'Dowd,15,15,2,444,399,34.15,111.28,0,5,42,11
MP Stoinis,11,11,5,339,201,56.5,168.66,0,3,27,20
MR Adair,10,10,0,87,84,8.7,103.57,0,0,6,2
MR Marsh,16,16,3,389,304,29.92,127.96,0,2,34,19
MRJ Watt,6,6,2,50,45,12.5,111.11,0,0,5,0
MS Chapman,1,1,0,40,41,40.0,97.56,0,0,1,1
MS Dhoni,5,5,4,89,70,89.0,127.14,0,0,6,2
MS Wade,8,8,5,105,69,35.0,152.17,0,0,10,4
MW Machan,2,2,1,24,10,24.0,240.0,0,0,4,1
Mahedi Hasan,8,8,3,58,53,11.6,109.43,0,0,6,2
Mahmudullah,19,19,4,344,305,22.93,112.79,0,1,28,10
Mashrafe Mortaza,4,4,1,31,24,10.33,129.17,0,0,2,3
Mehedi Hasan Miraz,1,1,0,11,13,11.0,84.62,0,0,0,0
Mehran Khan,6,6,0,52,45,8.67,115.56,0,0,4,2
Milind Kumar,2,2,0,23,27,11.5,85.19,0,0,1,0
Mohammad Hafeez,6,6,3,144,89,48.0,161.8,0,1,16,4
Mohammad Haris,4,4,0,97,67,24.25,144.78,0,0,6,6
Mohammad Mithun,4,4,0,37,46,9.25,80.43,0,0,2,1
Mohammad Nadeem,3,3,1,45,43,22.5,104.65,0,0,1,3
Mohammad Naim,7,7,0,174,157,24.86,110.83,0,2,15,4
Mohammad Nawaz,5,5,0,68,64,13.6,106.25,0,0,7,2
Mohammad Rizwan,16,16,3,558,491,42.92,113.65,0,5,43,18
Mohammad Saifuddin,3,3,2,24,9,24.0,266.67,0,0,2,2
Mohammad Sami,1,1,1,4,2,,200.0,0,0,1,0
Mohammad Wasim,3,3,1,16,22,8.0,72.73,0,0,2,0
Mohammed Shami,1,1,0,0,2,0.0,0.0,0,0,0,0
Mohammed Siraj,1,1,1,7,7,,100.0,0,0,0,0
Mosaddek Hossain,5,5,1,38,39,9.5,97.44,0,0,2,2
Mudassar Bukhari,1,1,0,14,5,14.0,280.0,0,0,1,1
Mushfiqur Rahim,13,13,2,188,169,17.09,111.24,0,1,18,4
Mustafizur Rahman,7,7,1,24,24,4.0,100.0,0,0,0,2
N Davin,4,4,0,64,66,16.0,96.97,0,0,7,2
N Pokana,2,2,1,6,11,6.0,54.55,0,0,0,0
N Pooran,14,14,1,258,208,19.85,124.04,0,0,19,15
N Thushara,2,2,1,0,5,0.0,0.0,0,0,0,0
N Vanua,5,5,0,67,64,13.4,104.69,0,0,3,3
NA Rock,2,2,0,6,8,3.0,75.0,0,0,0,0
NJ O'Brien,2,2,1,20,19,20.0,105.26,0,0,1,0
NL McCullum,1,1,0,0,1,0.0,0.0,0,0,0,0
NLTC Perera,3,3,0,68,47,22.67,144.68,0,0,7,3
NM Coulter-Nile,1,1,0,1,2,1.0,50.0,0,0,0,0
NP Kenjige,2,2,0,1,4,0.5,25.0,0,0,0,0
NR Kirton,3,3,0,101,72,33.67,140.28,0,1,6,4
NR Kumar,5,5,1,99,86,24.75,115.12,0,0,6,4
NS Dhaliwal,3,3,0,71,61,23.67,116.39,0,1,8,3
Naseem Khushi,4,5,0,24,28,4.8,85.71,0,0,1,1
Naseem Shah,2,2,2,15,7,,214.29,0,0,2,0
Nasir Hossain,1,1,0,3,7,3.0,42.86,0,0,0,0
Nasum Ahmed,3,3,1,26,16,13.0,162.5,0,0,2,2
Nazmul Hossain Shanto,11,11,0,287,269,26.09,106.69,0,2,26,7
Nizakat Khan,1,1,0,17,10,17.0,170.0,0,0,0,2
Nurul Hasan,9,9,1,62,68,7.75,91.18,0,0,2,1
OC McCoy,2,2,1,2,4,2.0,50.0,0,0,0,0
OF Smith,3,3,2,25,22,25.0,113.64,0,0,1,2
P Nissanka,17,17,0,475,412,27.94,115.29,0,5,37,14
PA van Meekeren,6,6,1,49,39,9.8,125.64,0,0,6,1
PBB Rajapaksa,12,12,2,262,199,26.2,131.66,0,1,24,10
PD Salt,8,8,2,198,127,33.0,155.91,0,1,18,10
PHKD Mendis,3,3,0,32,40,10.67,80.0,0,0,3,1
PJ Cummins,4,4,1,44,29,14.67,151.72,0,0,2,4
PL Mommsen,1,1,0,31,27,31.0,114.81,0,0,2,0
PM Liyanagamage,1,1,0,1,1,1.0,100.0,0,0,0,0
PM Nevill,3,3,3,18,5,,360.0,0,0,1,2
PM Seelaar,3,3,1,30,42,15.0,71.43,0,0,3,0
PR Stirling,15,15,2,301,251,23.15,119.92,0,1,30,10
PS Athavale,3,3,0,59,44,19.67,134.09,0,1,6,2
PVD Chameera,5,5,2,17,25,5.67,68.0,0,0,1,0
PW Borren,2,2,0,44,37,22.0,118.92,0,0,6,0
PWH de Silva,14,14,2,164,123,13.67,133.33,0,1,18,4
Pargat Singh,3,3,0,25,27,8.33,92.59,0,0,2,0
Q de Kock,19,19,0,539,382,28.37,141.1,0,4,58,22
R Ashwin,5,5,3,36,40,18.0,90.0,0,0,2,1
R Mutumbami,1,1,0,19,17,19.0,111.76,0,0,2,1
R Ngarava,5,5,1,21,20,5.25,105.0,0,0,0,2
R Obuya,3,3,0,7,11,2.33,63.64,0,0,1,0
R Powell,8,8,0,115,91,14.38,126.37,0,0,5,8
R Rampaul,1,1,0,3,8,3.0,37.5,0,0,0,0
R Ravindra,3,3,1,17,25,8.5,68.0,0,0,0,0
R Shepherd,3,3,2,23,25,23.0,92.0,0,0,1,1
R Trumpelmann,6,6,3,53,46,17.67,115.22,0,0,3,3
RA Jadeja,8,8,3,79,60,15.8,131.67,0,0,7,2
RAS Lakmal,1,1,0,0,1,0.0,0.0,0,0,0,0
RB Patel,1,1,0,2,20,2.0,10.0,0,0,0,0
RD Berrington,14,14,4,381,303,38.1,125.74,0,2,20,16
RE van der Merwe,9,9,2,14,25,2.0,56.0,0,0,1,0
RG Mukasa,2,2,0,0,5,0.0,0.0,0,0,0,0
RG Sharma,22,22,0,553,410,25.14,134.88,0,5,54,27
RJ Campbell,1,1,0,0,4,0.0,0.0,0,0,0,0
RJW Topley,1,1,1,3,3,,100.0,0,0,0,0
RK Paudel,3,3,0,36,45,12.0,80.0,0,0,5,0
RL Chase,6,6,1,142,128,28.4,110.94,0,1,11,4
RN ten Doeschate,1,1,0,0,1,0.0,0.0,0,0,0,0
RP Burl,7,7,3,101,97,25.25,104.12,0,0,11,2
RR Hendricks,12,12,0,140,159,11.67,88.05,0,0,14,3
RR Pant,11,11,1,211,181,21.1,116.57,0,0,18,8
RR Rossouw,5,5,0,141,85,28.2,165.88,1,1,9,9
RW Chakabva,8,8,0,45,64,5.62,70.31,0,0,5,1
Rafiullah,1,1,0,0,3,0.0,0.0,0,0,0,0
Ravinderpal Singh,1,1,0,0,2,0.0,0.0,0,0,0,0
Riazat Ali Shah,3,3,0,38,77,12.67,49.35,0,0,1,0
Rishad Hossain,5,5,1,40,25,10.0,160.0,0,0,2,4
S Bau,6,6,0,111,136,18.5,81.62,0,1,11,2
S Dhakal,1,1,1,0,1,,0.0,0,0,0,0
S Dhawan,4,4,0,43,52,10.75,82.69,0,0,4,2
S Dube,7,7,2,123,109,24.6,112.84,0,0,6,6
S Jora,1,1,0,1,8,1.0,12.5,0,0,0,0
S Movva,3,3,1,71,61,35.5,116.39,0,0,5,2
S Samarawickrama,1,1,0,0,1,0.0,0.0,0,0,0,0
S Sesazi,3,3,0,5,7,1.67,71.43,0,0,1,0
SA Edwards,15,15,3,191,193,15.92,98.96,0,0,16,3
SA Engelbrecht,4,4,0,98,92,24.5,106.52,0,0,6,3
SA Yadav,16,16,5,427,274,38.82,155.84,0,4,41,18
SC Williams,9,9,0,208,173,23.11,120.23,0,2,20,2
SC van Schalkwyk,2,2,1,29,27,29.0,107.41,0,0,4,0
SD Hope,2,2,1,82,40,82.0,205.0,0,1,4,8
SE Rutherford,5,5,2,120,81,40.0,148.15,0,1,5,9
SI Kamea,1,1,1,1,1,,100.0,0,0,0,0
SJ Baard,8,8,0,146,155,18.25,94.19,0,0,11,2
SJ Myburgh,7,7,0,129,116,18.43,111.21,0,0,21,1
SK Atai,3,3,0,5,10,1.67,50.0,0,0,0,0
SK Raina,4,4,0,41,33,10.25,124.24,0,0,2,2
SM Curran,4,4,2,24,25,12.0,96.0,0,0,1,1
SM Sharif,3,3,1,9,6,4.5,150.0,0,0,0,1
SN Netravalkar,2,2,0,0,5,0.0,0.0,0,0,0,0
SN Thakur,1,1,0,0,3,0.0,0.0,0,0,0,0
SO Hetmyer,5,5,1,127,100,31.75,127.0,0,1,13,4
SPD Smith,8,8,2,152,140,25.33,108.57,0,1,14,1
SR Taylor,6,6,0,74,82,12.33,90.24,0,0,7,3
SR Watson,4,4,2,96,64,48.0,150.0,0,0,9,4
SSJ Brooks,2,2,0,4,12,2.0,33.33,0,0,0,0
Saad Bin Zafar,2,2,1,11,22,11.0,50.0,0,0,1,0
Sabbir Rahman,7,7,1,147,119,24.5,123.53,0,0,17,4
Saim Ayub,2,2,0,23,29,11.5,79.31,0,0,2,1
Sandeep Goud,2,2,0,9,16,4.5,56.25,0,0,0,0
Sarfraz Ahmed,3,3,2,21,17,21.0,123.53,0,0,1,0
Shadab Khan,8,9,2,145,95,20.71,152.63,0,1,8,8
Shaheen Shah Afridi,6,6,4,58,34,29.0,170.59,0,0,3,5
Shahid Afridi,4,4,0,90,49,22.5,183.67,0,0,7,7
Shakeel Ahmed,3,3,1,25,21,12.5,119.05,0,0,3,0
Shakib Al Hasan,23,23,3,415,371,20.75,111.86,0,2,35,9
Shamim Hossain,2,2,0,30,38,15.0,78.95,0,0,1,1
Shan Masood,7,7,3,175,148,43.75,118.24,0,1,12,1
Shariz Ahmad,2,2,1,25,19,25.0,131.58,0,0,3,0
Sharjeel Khan,4,4,0,112,78,28.0,143.59,0,0,18,3
Shayan Jahangir,2,2,0,3,10,1.5,30.0,0,0,0,0
Shoaib Khan,2,2,0,11,27,5.5,40.74,0,0,1,0
Shoaib Malik,7,7,5,177,98,88.5,180.61,0,1,10,10
Shoriful Islam,1,1,0,0,2,0.0,0.0,0,0,0,0
Shuvagata Hom,3,3,2,29,28,29.0,103.57,0,0,3,1
Sikandar Raza,9,9,0,228,157,25.33,145.22,0,1,17,11
Simi Singh,4,4,3,17,22,17.0,77.27,0,0,1,0
Sompal Kami,3,3,1,8,11,4.0,72.73,0,0,0,1
Soumya Sarkar,16,16,0,151,153,9.44,98.69,0,0,15,4
Sultan Ahmed,2,2,0,2,5,1.0,40.0,0,0,0,0
Suraj Kumar,1,1,0,4,7,4.0,57.14,0,0,0,0
T Bavuma,9,9,2,161,146,23.0,110.27,0,0,12,4
T Munyonga,2,2,0,7,10,3.5,70.0,0,0,1,0
T Shamsi,2,2,2,1,2,,50.0,0,0,0,0
T Stubbs,11,11,3,196,194,24.5,101.03,0,0,15,4
T van der Gugten,1,1,0,0,1,0.0,0.0,0,0,0,0
TA Boult,1,1,0,7,4,7.0,175.0,0,0,0,1
TAM Siriwardana,3,3,0,22,20,7.33,110.0,0,0,2,1
TG Southee,3,3,2,5,4,5.0,125.0,0,0,1,0
TH David,6,6,2,85,55,21.25,154.55,0,0,7,4
TJG Pringle,9,9,1,54,74,6.75,72.97,0,0,1,1
TL Chatara,3,3,1,13,19,6.5,68.42,0,0,1,0
TL Seifert,2,2,1,16,14,16.0,114.29,0,0,2,0
TLW Cooper,9,9,-1,122,123,12.2,99.19,0,0,9,3
TM Dilshan,3,3,0,50,52,16.67,96.15,0,0,5,2
TM Head,6,6,1,255,158,51.0,161.39,0,2,26,15
TP Ura,5,5,0,6,21,1.2,28.57,0,0,0,0
Tamim Iqbal,6,6,2,295,207,73.75,142.51,1,2,24,14
Tanwir Afzal,1,1,0,0,4,0.0,0.0,0,0,0,0
Tanzid Hasan,6,6,0,76,76,12.67,100.0,0,0,11,1
Tanzim Hasan Sakib,4,4,3,9,13,9.0,69.23,0,0,0,0
Taskin Ahmed,11,11,6,59,73,11.8,80.82,0,0,5,1
Towhid Hridoy,6,6,0,139,110,23.17,126.36,0,0,7,8
UT Khawaja,4,4,0,143,104,35.75,137.5,0,1,22,2
Umar Akmal,4,4,0,78,64,19.5,121.88,0,0,4,2
Usman Khan,4,4,1,20,22,6.67,90.91,0,0,1,0
V Aravind,3,3,0,48,71,16.0,67.61,0,0,3,0
V Kohli,21,21,7,764,581,54.57,131.5,0,9,67,20
V Sibanda,1,1,0,4,12,4.0,33.33,0,0,0,0
VJ Kingma,1,1,1,1,1,,100.0,0,0,0,0
Vikramjit Singh,9,9,0,124,133,13.78,93.23,0,0,10,5
W Barresi,2,2,0,17,16,8.5,106.25,0,0,1,1
W Madhevere,8,8,1,106,83,15.14,127.71,0,0,15,2
WD Parnell,4,4,2,5,13,2.5,38.46,0,0,0,0
WG Jacks,2,2,0,15,17,7.5,88.24,0,0,2,0
WIA Fernando,7,7,2,52,62,10.4,83.87,0,0,1,2
WP Masakadza,2,2,1,5,13,5.0,38.46,0,0,0,0
WTS Porterfield,2,2,0,34,34,17.0,100.0,0,0,4,1
Wahab Riaz,1,1,0,0,1,0.0,0.0,0,0,0,0
Waseem Muhammad,3,3,0,93,92,31.0,101.09,0,1,2,5
Yasir Ali Chowdhury,3,3,1,5,9,2.5,55.56,0,0,0,0
Yuvraj Singh,4,4,0,52,52,13.0,100.0,0,0,3,2
ZE Green,10,10,0,110,134,11.0,82.09,0,0,7,2
Zahoor Khan,1,1,1,1,1,,100.0,0,0,0,0
Zawar Farid,1,1,0,2,4,2.0,50.0,0,0,0,0
Zeeshan Maqsood,8,9,1,112,118,14.0,94.92,0,0,13,2
